project_id,project_name,construct_id,construct_identifier,spec_id,spec_name,task,model,score,prompt_id,metric_name,metric_measurements,metric_count
114ba2fa-8bae-4e19-8f46-3fbef23b4a98,BitNet,97ab3b7b-25c1-49eb-aebb-51764115ae2d,ggml.c:3289-3325,a7c39683-1b1e-485e-8574-369bf9c88f03,gpt-4-o-88f03,Performance,gpt-41,0.0,acd8e185-a9d2-4cb7-a219-71158c0f122a,llm_score,0.0,1
114ba2fa-8bae-4e19-8f46-3fbef23b4a98,BitNet,97ab3b7b-25c1-49eb-aebb-51764115ae2d,ggml.c:3289-3325,a7c39683-1b1e-485e-8574-369bf9c88f03,gpt-4-o-88f03,Performance,claude-v37-sonnet,1.5,acd8e185-a9d2-4cb7-a219-71158c0f122a,llm_score,1.5,1
114ba2fa-8bae-4e19-8f46-3fbef23b4a98,BitNet,97ab3b7b-25c1-49eb-aebb-51764115ae2d,ggml.c:3289-3325,a7c39683-1b1e-485e-8574-369bf9c88f03,gpt-4-o-88f03,Performance,gemini-v25-pro,-1.5,acd8e185-a9d2-4cb7-a219-71158c0f122a,llm_score,-1.5,1
114ba2fa-8bae-4e19-8f46-3fbef23b4a98,BitNet,97ab3b7b-25c1-49eb-aebb-51764115ae2d,ggml.c:3289-3325,a7c39683-1b1e-485e-8574-369bf9c88f03,gpt-4-o-88f03,Quality,claude-v37-sonnet,1.5,5d45ab71-6ae3-454f-b2c8-215fd636ce42,llm_score,1.5,1
114ba2fa-8bae-4e19-8f46-3fbef23b4a98,BitNet,97ab3b7b-25c1-49eb-aebb-51764115ae2d,ggml.c:3289-3325,a7c39683-1b1e-485e-8574-369bf9c88f03,gpt-4-o-88f03,Quality,gpt-41,2.0,5d45ab71-6ae3-454f-b2c8-215fd636ce42,llm_score,2.0,1
114ba2fa-8bae-4e19-8f46-3fbef23b4a98,BitNet,97ab3b7b-25c1-49eb-aebb-51764115ae2d,ggml.c:3289-3325,a7c39683-1b1e-485e-8574-369bf9c88f03,gpt-4-o-88f03,Quality,gemini-v25-pro,2.0,5d45ab71-6ae3-454f-b2c8-215fd636ce42,llm_score,2.0,1
114ba2fa-8bae-4e19-8f46-3fbef23b4a98,BitNet,97ab3b7b-25c1-49eb-aebb-51764115ae2d,ggml.c:3289-3325,3b9bca93-3610-4d38-b966-3a935ed1dd45,gpt-4-o-1dd45,Performance,gpt-41,0.0,acd8e185-a9d2-4cb7-a219-71158c0f122a,llm_score,0.0,1
114ba2fa-8bae-4e19-8f46-3fbef23b4a98,BitNet,97ab3b7b-25c1-49eb-aebb-51764115ae2d,ggml.c:3289-3325,3b9bca93-3610-4d38-b966-3a935ed1dd45,gpt-4-o-1dd45,Performance,claude-v37-sonnet,1.0999999999999996,acd8e185-a9d2-4cb7-a219-71158c0f122a,llm_score,1.0999999999999996,1
114ba2fa-8bae-4e19-8f46-3fbef23b4a98,BitNet,97ab3b7b-25c1-49eb-aebb-51764115ae2d,ggml.c:3289-3325,3b9bca93-3610-4d38-b966-3a935ed1dd45,gpt-4-o-1dd45,Performance,gemini-v25-pro,-1.0,acd8e185-a9d2-4cb7-a219-71158c0f122a,llm_score,-1.0,1
114ba2fa-8bae-4e19-8f46-3fbef23b4a98,BitNet,97ab3b7b-25c1-49eb-aebb-51764115ae2d,ggml.c:3289-3325,3b9bca93-3610-4d38-b966-3a935ed1dd45,gpt-4-o-1dd45,Quality,gpt-41,2.0,5d45ab71-6ae3-454f-b2c8-215fd636ce42,llm_score,2.0,1
114ba2fa-8bae-4e19-8f46-3fbef23b4a98,BitNet,97ab3b7b-25c1-49eb-aebb-51764115ae2d,ggml.c:3289-3325,3b9bca93-3610-4d38-b966-3a935ed1dd45,gpt-4-o-1dd45,Quality,claude-v37-sonnet,1.0,5d45ab71-6ae3-454f-b2c8-215fd636ce42,llm_score,1.0,1
114ba2fa-8bae-4e19-8f46-3fbef23b4a98,BitNet,97ab3b7b-25c1-49eb-aebb-51764115ae2d,ggml.c:3289-3325,3b9bca93-3610-4d38-b966-3a935ed1dd45,gpt-4-o-1dd45,Quality,gemini-v25-pro,2.0,5d45ab71-6ae3-454f-b2c8-215fd636ce42,llm_score,2.0,1
114ba2fa-8bae-4e19-8f46-3fbef23b4a98,BitNet,97ab3b7b-25c1-49eb-aebb-51764115ae2d,ggml.c:3289-3325,b7425730-0122-46c6-a934-caefabfcd0fc,gpt-4-o-cd0fc,Performance,gpt-41,1.0,acd8e185-a9d2-4cb7-a219-71158c0f122a,llm_score,1.0,1
114ba2fa-8bae-4e19-8f46-3fbef23b4a98,BitNet,97ab3b7b-25c1-49eb-aebb-51764115ae2d,ggml.c:3289-3325,b7425730-0122-46c6-a934-caefabfcd0fc,gpt-4-o-cd0fc,Performance,claude-v37-sonnet,1.0,acd8e185-a9d2-4cb7-a219-71158c0f122a,llm_score,1.0,1
114ba2fa-8bae-4e19-8f46-3fbef23b4a98,BitNet,97ab3b7b-25c1-49eb-aebb-51764115ae2d,ggml.c:3289-3325,b7425730-0122-46c6-a934-caefabfcd0fc,gpt-4-o-cd0fc,Performance,gemini-v25-pro,1.0,acd8e185-a9d2-4cb7-a219-71158c0f122a,llm_score,1.0,1
114ba2fa-8bae-4e19-8f46-3fbef23b4a98,BitNet,97ab3b7b-25c1-49eb-aebb-51764115ae2d,ggml.c:3289-3325,b7425730-0122-46c6-a934-caefabfcd0fc,gpt-4-o-cd0fc,Quality,gpt-41,1.0,5d45ab71-6ae3-454f-b2c8-215fd636ce42,llm_score,1.0,1
114ba2fa-8bae-4e19-8f46-3fbef23b4a98,BitNet,97ab3b7b-25c1-49eb-aebb-51764115ae2d,ggml.c:3289-3325,b7425730-0122-46c6-a934-caefabfcd0fc,gpt-4-o-cd0fc,Quality,claude-v37-sonnet,0.7999999999999998,5d45ab71-6ae3-454f-b2c8-215fd636ce42,llm_score,0.7999999999999998,1
114ba2fa-8bae-4e19-8f46-3fbef23b4a98,BitNet,97ab3b7b-25c1-49eb-aebb-51764115ae2d,ggml.c:3289-3325,b7425730-0122-46c6-a934-caefabfcd0fc,gpt-4-o-cd0fc,Quality,gemini-v25-pro,-2.0,5d45ab71-6ae3-454f-b2c8-215fd636ce42,llm_score,-2.0,1
114ba2fa-8bae-4e19-8f46-3fbef23b4a98,BitNet,97ab3b7b-25c1-49eb-aebb-51764115ae2d,ggml.c:3289-3325,19f223b8-2bfb-46b6-a8e2-679d6761ce53,gpt-4-o-1ce53,Performance,gpt-41,0.0,acd8e185-a9d2-4cb7-a219-71158c0f122a,llm_score,0.0,1
114ba2fa-8bae-4e19-8f46-3fbef23b4a98,BitNet,97ab3b7b-25c1-49eb-aebb-51764115ae2d,ggml.c:3289-3325,19f223b8-2bfb-46b6-a8e2-679d6761ce53,gpt-4-o-1ce53,Performance,claude-v37-sonnet,1.5,acd8e185-a9d2-4cb7-a219-71158c0f122a,llm_score,1.5,1
114ba2fa-8bae-4e19-8f46-3fbef23b4a98,BitNet,97ab3b7b-25c1-49eb-aebb-51764115ae2d,ggml.c:3289-3325,19f223b8-2bfb-46b6-a8e2-679d6761ce53,gpt-4-o-1ce53,Performance,gemini-v25-pro,2.0,acd8e185-a9d2-4cb7-a219-71158c0f122a,llm_score,2.0,1
114ba2fa-8bae-4e19-8f46-3fbef23b4a98,BitNet,97ab3b7b-25c1-49eb-aebb-51764115ae2d,ggml.c:3289-3325,19f223b8-2bfb-46b6-a8e2-679d6761ce53,gpt-4-o-1ce53,Quality,gpt-41,2.0,5d45ab71-6ae3-454f-b2c8-215fd636ce42,llm_score,2.0,1
114ba2fa-8bae-4e19-8f46-3fbef23b4a98,BitNet,97ab3b7b-25c1-49eb-aebb-51764115ae2d,ggml.c:3289-3325,19f223b8-2bfb-46b6-a8e2-679d6761ce53,gpt-4-o-1ce53,Quality,claude-v37-sonnet,0.5,5d45ab71-6ae3-454f-b2c8-215fd636ce42,llm_score,0.5,1
114ba2fa-8bae-4e19-8f46-3fbef23b4a98,BitNet,97ab3b7b-25c1-49eb-aebb-51764115ae2d,ggml.c:3289-3325,19f223b8-2bfb-46b6-a8e2-679d6761ce53,gpt-4-o-1ce53,Quality,gemini-v25-pro,2.0,5d45ab71-6ae3-454f-b2c8-215fd636ce42,llm_score,2.0,1
114ba2fa-8bae-4e19-8f46-3fbef23b4a98,BitNet,a708e396-2e2a-431c-96cc-ec714254ced1,ggml.c:2286-2326,e9116680-8fa1-4354-8fff-49aaa528e1e9,gpt-4-o-8e1e9,Performance,claude-v37-sonnet,0.5,acd8e185-a9d2-4cb7-a219-71158c0f122a,llm_score,0.5,1
114ba2fa-8bae-4e19-8f46-3fbef23b4a98,BitNet,a708e396-2e2a-431c-96cc-ec714254ced1,ggml.c:2286-2326,e9116680-8fa1-4354-8fff-49aaa528e1e9,gpt-4-o-8e1e9,Performance,gemini-v25-pro,1.0,acd8e185-a9d2-4cb7-a219-71158c0f122a,llm_score,1.0,1
114ba2fa-8bae-4e19-8f46-3fbef23b4a98,BitNet,a708e396-2e2a-431c-96cc-ec714254ced1,ggml.c:2286-2326,e9116680-8fa1-4354-8fff-49aaa528e1e9,gpt-4-o-8e1e9,Performance,gpt-41,0.0,acd8e185-a9d2-4cb7-a219-71158c0f122a,llm_score,0.0,1
114ba2fa-8bae-4e19-8f46-3fbef23b4a98,BitNet,a708e396-2e2a-431c-96cc-ec714254ced1,ggml.c:2286-2326,e9116680-8fa1-4354-8fff-49aaa528e1e9,gpt-4-o-8e1e9,Quality,gpt-41,2.0,5d45ab71-6ae3-454f-b2c8-215fd636ce42,llm_score,2.0,1
114ba2fa-8bae-4e19-8f46-3fbef23b4a98,BitNet,a708e396-2e2a-431c-96cc-ec714254ced1,ggml.c:2286-2326,e9116680-8fa1-4354-8fff-49aaa528e1e9,gpt-4-o-8e1e9,Quality,claude-v37-sonnet,1.0,5d45ab71-6ae3-454f-b2c8-215fd636ce42,llm_score,1.0,1
114ba2fa-8bae-4e19-8f46-3fbef23b4a98,BitNet,a708e396-2e2a-431c-96cc-ec714254ced1,ggml.c:2286-2326,e9116680-8fa1-4354-8fff-49aaa528e1e9,gpt-4-o-8e1e9,Quality,gemini-v25-pro,2.0,5d45ab71-6ae3-454f-b2c8-215fd636ce42,llm_score,2.0,1
114ba2fa-8bae-4e19-8f46-3fbef23b4a98,BitNet,a708e396-2e2a-431c-96cc-ec714254ced1,ggml.c:2286-2326,6846bae5-ec49-467a-8580-2713fba04f53,gpt-4-o-04f53,Performance,gpt-41,0.0,acd8e185-a9d2-4cb7-a219-71158c0f122a,llm_score,0.0,1
114ba2fa-8bae-4e19-8f46-3fbef23b4a98,BitNet,a708e396-2e2a-431c-96cc-ec714254ced1,ggml.c:2286-2326,6846bae5-ec49-467a-8580-2713fba04f53,gpt-4-o-04f53,Performance,claude-v37-sonnet,0.5,acd8e185-a9d2-4cb7-a219-71158c0f122a,llm_score,0.5,1
114ba2fa-8bae-4e19-8f46-3fbef23b4a98,BitNet,a708e396-2e2a-431c-96cc-ec714254ced1,ggml.c:2286-2326,6846bae5-ec49-467a-8580-2713fba04f53,gpt-4-o-04f53,Performance,gemini-v25-pro,0.0,acd8e185-a9d2-4cb7-a219-71158c0f122a,llm_score,0.0,1
114ba2fa-8bae-4e19-8f46-3fbef23b4a98,BitNet,a708e396-2e2a-431c-96cc-ec714254ced1,ggml.c:2286-2326,6846bae5-ec49-467a-8580-2713fba04f53,gpt-4-o-04f53,Quality,gpt-41,2.0,5d45ab71-6ae3-454f-b2c8-215fd636ce42,llm_score,2.0,1
114ba2fa-8bae-4e19-8f46-3fbef23b4a98,BitNet,a708e396-2e2a-431c-96cc-ec714254ced1,ggml.c:2286-2326,6846bae5-ec49-467a-8580-2713fba04f53,gpt-4-o-04f53,Quality,claude-v37-sonnet,1.2000000000000002,5d45ab71-6ae3-454f-b2c8-215fd636ce42,llm_score,1.2000000000000002,1
114ba2fa-8bae-4e19-8f46-3fbef23b4a98,BitNet,a708e396-2e2a-431c-96cc-ec714254ced1,ggml.c:2286-2326,6846bae5-ec49-467a-8580-2713fba04f53,gpt-4-o-04f53,Quality,gemini-v25-pro,2.0,5d45ab71-6ae3-454f-b2c8-215fd636ce42,llm_score,2.0,1
114ba2fa-8bae-4e19-8f46-3fbef23b4a98,BitNet,a708e396-2e2a-431c-96cc-ec714254ced1,ggml.c:2286-2326,4deacc93-998d-4955-8980-b8b52918f024,gpt-4-o-8f024,Performance,gpt-41,0.0,acd8e185-a9d2-4cb7-a219-71158c0f122a,llm_score,0.0,1
114ba2fa-8bae-4e19-8f46-3fbef23b4a98,BitNet,a708e396-2e2a-431c-96cc-ec714254ced1,ggml.c:2286-2326,4deacc93-998d-4955-8980-b8b52918f024,gpt-4-o-8f024,Performance,claude-v37-sonnet,1.5,acd8e185-a9d2-4cb7-a219-71158c0f122a,llm_score,1.5,1
114ba2fa-8bae-4e19-8f46-3fbef23b4a98,BitNet,a708e396-2e2a-431c-96cc-ec714254ced1,ggml.c:2286-2326,4deacc93-998d-4955-8980-b8b52918f024,gpt-4-o-8f024,Performance,gemini-v25-pro,1.0,acd8e185-a9d2-4cb7-a219-71158c0f122a,llm_score,1.0,1
114ba2fa-8bae-4e19-8f46-3fbef23b4a98,BitNet,a708e396-2e2a-431c-96cc-ec714254ced1,ggml.c:2286-2326,4deacc93-998d-4955-8980-b8b52918f024,gpt-4-o-8f024,Quality,gpt-41,1.0,5d45ab71-6ae3-454f-b2c8-215fd636ce42,llm_score,1.0,1
114ba2fa-8bae-4e19-8f46-3fbef23b4a98,BitNet,a708e396-2e2a-431c-96cc-ec714254ced1,ggml.c:2286-2326,4deacc93-998d-4955-8980-b8b52918f024,gpt-4-o-8f024,Quality,claude-v37-sonnet,1.5,5d45ab71-6ae3-454f-b2c8-215fd636ce42,llm_score,1.5,1
114ba2fa-8bae-4e19-8f46-3fbef23b4a98,BitNet,a708e396-2e2a-431c-96cc-ec714254ced1,ggml.c:2286-2326,4deacc93-998d-4955-8980-b8b52918f024,gpt-4-o-8f024,Quality,gemini-v25-pro,2.0,5d45ab71-6ae3-454f-b2c8-215fd636ce42,llm_score,2.0,1
114ba2fa-8bae-4e19-8f46-3fbef23b4a98,BitNet,a708e396-2e2a-431c-96cc-ec714254ced1,ggml.c:2286-2326,689fb0c1-dd34-4676-a14e-eb6369edf2c2,gpt-4-o-df2c2,Performance,claude-v37-sonnet,1.2000000000000002,acd8e185-a9d2-4cb7-a219-71158c0f122a,llm_score,1.2000000000000002,1
114ba2fa-8bae-4e19-8f46-3fbef23b4a98,BitNet,a708e396-2e2a-431c-96cc-ec714254ced1,ggml.c:2286-2326,689fb0c1-dd34-4676-a14e-eb6369edf2c2,gpt-4-o-df2c2,Performance,gemini-v25-pro,1.0,acd8e185-a9d2-4cb7-a219-71158c0f122a,llm_score,1.0,1
114ba2fa-8bae-4e19-8f46-3fbef23b4a98,BitNet,a708e396-2e2a-431c-96cc-ec714254ced1,ggml.c:2286-2326,689fb0c1-dd34-4676-a14e-eb6369edf2c2,gpt-4-o-df2c2,Performance,gpt-41,0.0,acd8e185-a9d2-4cb7-a219-71158c0f122a,llm_score,0.0,1
114ba2fa-8bae-4e19-8f46-3fbef23b4a98,BitNet,a708e396-2e2a-431c-96cc-ec714254ced1,ggml.c:2286-2326,689fb0c1-dd34-4676-a14e-eb6369edf2c2,gpt-4-o-df2c2,Quality,gpt-41,2.0,5d45ab71-6ae3-454f-b2c8-215fd636ce42,llm_score,2.0,1
114ba2fa-8bae-4e19-8f46-3fbef23b4a98,BitNet,a708e396-2e2a-431c-96cc-ec714254ced1,ggml.c:2286-2326,689fb0c1-dd34-4676-a14e-eb6369edf2c2,gpt-4-o-df2c2,Quality,claude-v37-sonnet,1.5,5d45ab71-6ae3-454f-b2c8-215fd636ce42,llm_score,1.5,1
114ba2fa-8bae-4e19-8f46-3fbef23b4a98,BitNet,a708e396-2e2a-431c-96cc-ec714254ced1,ggml.c:2286-2326,689fb0c1-dd34-4676-a14e-eb6369edf2c2,gpt-4-o-df2c2,Quality,gemini-v25-pro,2.0,5d45ab71-6ae3-454f-b2c8-215fd636ce42,llm_score,2.0,1
114ba2fa-8bae-4e19-8f46-3fbef23b4a98,BitNet,0f482d67-7b12-41ce-b0ff-10c8e6399e51,ggml-bitnet-mad.cpp:94-363,ebc25756-37f0-458e-85e4-5344eb49caed,gpt-4-o-9caed,Performance,gpt-41,0.0,acd8e185-a9d2-4cb7-a219-71158c0f122a,llm_score,0.0,1
114ba2fa-8bae-4e19-8f46-3fbef23b4a98,BitNet,0f482d67-7b12-41ce-b0ff-10c8e6399e51,ggml-bitnet-mad.cpp:94-363,ebc25756-37f0-458e-85e4-5344eb49caed,gpt-4-o-9caed,Performance,claude-v37-sonnet,0.0,acd8e185-a9d2-4cb7-a219-71158c0f122a,llm_score,0.0,1
114ba2fa-8bae-4e19-8f46-3fbef23b4a98,BitNet,0f482d67-7b12-41ce-b0ff-10c8e6399e51,ggml-bitnet-mad.cpp:94-363,ebc25756-37f0-458e-85e4-5344eb49caed,gpt-4-o-9caed,Performance,gemini-v25-pro,0.0,acd8e185-a9d2-4cb7-a219-71158c0f122a,llm_score,0.0,1
114ba2fa-8bae-4e19-8f46-3fbef23b4a98,BitNet,0f482d67-7b12-41ce-b0ff-10c8e6399e51,ggml-bitnet-mad.cpp:94-363,ebc25756-37f0-458e-85e4-5344eb49caed,gpt-4-o-9caed,Quality,gpt-41,1.5,5d45ab71-6ae3-454f-b2c8-215fd636ce42,llm_score,1.5,1
114ba2fa-8bae-4e19-8f46-3fbef23b4a98,BitNet,0f482d67-7b12-41ce-b0ff-10c8e6399e51,ggml-bitnet-mad.cpp:94-363,ebc25756-37f0-458e-85e4-5344eb49caed,gpt-4-o-9caed,Quality,claude-v37-sonnet,1.0,5d45ab71-6ae3-454f-b2c8-215fd636ce42,llm_score,1.0,1
114ba2fa-8bae-4e19-8f46-3fbef23b4a98,BitNet,0f482d67-7b12-41ce-b0ff-10c8e6399e51,ggml-bitnet-mad.cpp:94-363,ebc25756-37f0-458e-85e4-5344eb49caed,gpt-4-o-9caed,Quality,gemini-v25-pro,2.0,5d45ab71-6ae3-454f-b2c8-215fd636ce42,llm_score,2.0,1
114ba2fa-8bae-4e19-8f46-3fbef23b4a98,BitNet,0f482d67-7b12-41ce-b0ff-10c8e6399e51,ggml-bitnet-mad.cpp:94-363,d533bbb8-a001-44ce-87d3-347cae79e20e,gpt-4-o-9e20e,Performance,claude-v37-sonnet,0.0,acd8e185-a9d2-4cb7-a219-71158c0f122a,llm_score,0.0,1
114ba2fa-8bae-4e19-8f46-3fbef23b4a98,BitNet,0f482d67-7b12-41ce-b0ff-10c8e6399e51,ggml-bitnet-mad.cpp:94-363,d533bbb8-a001-44ce-87d3-347cae79e20e,gpt-4-o-9e20e,Performance,gemini-v25-pro,0.0,acd8e185-a9d2-4cb7-a219-71158c0f122a,llm_score,0.0,1
114ba2fa-8bae-4e19-8f46-3fbef23b4a98,BitNet,0f482d67-7b12-41ce-b0ff-10c8e6399e51,ggml-bitnet-mad.cpp:94-363,d533bbb8-a001-44ce-87d3-347cae79e20e,gpt-4-o-9e20e,Performance,gpt-41,0.0,acd8e185-a9d2-4cb7-a219-71158c0f122a,llm_score,0.0,1
114ba2fa-8bae-4e19-8f46-3fbef23b4a98,BitNet,0f482d67-7b12-41ce-b0ff-10c8e6399e51,ggml-bitnet-mad.cpp:94-363,d533bbb8-a001-44ce-87d3-347cae79e20e,gpt-4-o-9e20e,Quality,claude-v37-sonnet,1.2000000000000002,5d45ab71-6ae3-454f-b2c8-215fd636ce42,llm_score,1.2000000000000002,1
114ba2fa-8bae-4e19-8f46-3fbef23b4a98,BitNet,0f482d67-7b12-41ce-b0ff-10c8e6399e51,ggml-bitnet-mad.cpp:94-363,d533bbb8-a001-44ce-87d3-347cae79e20e,gpt-4-o-9e20e,Quality,gpt-41,1.5,5d45ab71-6ae3-454f-b2c8-215fd636ce42,llm_score,1.5,1
114ba2fa-8bae-4e19-8f46-3fbef23b4a98,BitNet,0f482d67-7b12-41ce-b0ff-10c8e6399e51,ggml-bitnet-mad.cpp:94-363,d533bbb8-a001-44ce-87d3-347cae79e20e,gpt-4-o-9e20e,Quality,gemini-v25-pro,1.0,5d45ab71-6ae3-454f-b2c8-215fd636ce42,llm_score,1.0,1
114ba2fa-8bae-4e19-8f46-3fbef23b4a98,BitNet,0f482d67-7b12-41ce-b0ff-10c8e6399e51,ggml-bitnet-mad.cpp:94-363,21909e7a-addf-4333-9b21-b9be01a68348,gpt-4-o-68348,Performance,claude-v37-sonnet,1.5,acd8e185-a9d2-4cb7-a219-71158c0f122a,llm_score,1.5,1
114ba2fa-8bae-4e19-8f46-3fbef23b4a98,BitNet,0f482d67-7b12-41ce-b0ff-10c8e6399e51,ggml-bitnet-mad.cpp:94-363,21909e7a-addf-4333-9b21-b9be01a68348,gpt-4-o-68348,Performance,gemini-v25-pro,0.0,acd8e185-a9d2-4cb7-a219-71158c0f122a,llm_score,0.0,1
114ba2fa-8bae-4e19-8f46-3fbef23b4a98,BitNet,0f482d67-7b12-41ce-b0ff-10c8e6399e51,ggml-bitnet-mad.cpp:94-363,21909e7a-addf-4333-9b21-b9be01a68348,gpt-4-o-68348,Performance,gpt-41,2.0,acd8e185-a9d2-4cb7-a219-71158c0f122a,llm_score,2.0,1
114ba2fa-8bae-4e19-8f46-3fbef23b4a98,BitNet,0f482d67-7b12-41ce-b0ff-10c8e6399e51,ggml-bitnet-mad.cpp:94-363,21909e7a-addf-4333-9b21-b9be01a68348,gpt-4-o-68348,Quality,claude-v37-sonnet,1.2000000000000002,5d45ab71-6ae3-454f-b2c8-215fd636ce42,llm_score,1.2000000000000002,1
114ba2fa-8bae-4e19-8f46-3fbef23b4a98,BitNet,0f482d67-7b12-41ce-b0ff-10c8e6399e51,ggml-bitnet-mad.cpp:94-363,21909e7a-addf-4333-9b21-b9be01a68348,gpt-4-o-68348,Quality,gpt-41,1.0,5d45ab71-6ae3-454f-b2c8-215fd636ce42,llm_score,1.0,1
114ba2fa-8bae-4e19-8f46-3fbef23b4a98,BitNet,0f482d67-7b12-41ce-b0ff-10c8e6399e51,ggml-bitnet-mad.cpp:94-363,21909e7a-addf-4333-9b21-b9be01a68348,gpt-4-o-68348,Quality,gemini-v25-pro,-2.0,5d45ab71-6ae3-454f-b2c8-215fd636ce42,llm_score,-2.0,1
114ba2fa-8bae-4e19-8f46-3fbef23b4a98,BitNet,0f482d67-7b12-41ce-b0ff-10c8e6399e51,ggml-bitnet-mad.cpp:94-363,f5ae417a-2c02-4a2f-a4f0-d3771529d4a9,gpt-4-o-9d4a9,Performance,gpt-41,2.0,acd8e185-a9d2-4cb7-a219-71158c0f122a,llm_score,2.0,1
114ba2fa-8bae-4e19-8f46-3fbef23b4a98,BitNet,0f482d67-7b12-41ce-b0ff-10c8e6399e51,ggml-bitnet-mad.cpp:94-363,f5ae417a-2c02-4a2f-a4f0-d3771529d4a9,gpt-4-o-9d4a9,Performance,claude-v37-sonnet,1.5,acd8e185-a9d2-4cb7-a219-71158c0f122a,llm_score,1.5,1
114ba2fa-8bae-4e19-8f46-3fbef23b4a98,BitNet,0f482d67-7b12-41ce-b0ff-10c8e6399e51,ggml-bitnet-mad.cpp:94-363,f5ae417a-2c02-4a2f-a4f0-d3771529d4a9,gpt-4-o-9d4a9,Performance,gemini-v25-pro,0.0,acd8e185-a9d2-4cb7-a219-71158c0f122a,llm_score,0.0,1
114ba2fa-8bae-4e19-8f46-3fbef23b4a98,BitNet,0f482d67-7b12-41ce-b0ff-10c8e6399e51,ggml-bitnet-mad.cpp:94-363,f5ae417a-2c02-4a2f-a4f0-d3771529d4a9,gpt-4-o-9d4a9,Quality,gpt-41,2.0,5d45ab71-6ae3-454f-b2c8-215fd636ce42,llm_score,2.0,1
114ba2fa-8bae-4e19-8f46-3fbef23b4a98,BitNet,0f482d67-7b12-41ce-b0ff-10c8e6399e51,ggml-bitnet-mad.cpp:94-363,f5ae417a-2c02-4a2f-a4f0-d3771529d4a9,gpt-4-o-9d4a9,Quality,claude-v37-sonnet,1.2000000000000002,5d45ab71-6ae3-454f-b2c8-215fd636ce42,llm_score,1.2000000000000002,1
114ba2fa-8bae-4e19-8f46-3fbef23b4a98,BitNet,0f482d67-7b12-41ce-b0ff-10c8e6399e51,ggml-bitnet-mad.cpp:94-363,f5ae417a-2c02-4a2f-a4f0-d3771529d4a9,gpt-4-o-9d4a9,Quality,gemini-v25-pro,-0.5,5d45ab71-6ae3-454f-b2c8-215fd636ce42,llm_score,-0.5,1
114ba2fa-8bae-4e19-8f46-3fbef23b4a98,BitNet,ed0e05d2-3f39-4f23-b645-56d627a7f46f,ggml.c:12402-12505,d04dad93-0db9-4137-a2e1-310d72beffb9,gpt-4-o-effb9,Performance,gpt-41,0.0,acd8e185-a9d2-4cb7-a219-71158c0f122a,llm_score,0.0,1
114ba2fa-8bae-4e19-8f46-3fbef23b4a98,BitNet,ed0e05d2-3f39-4f23-b645-56d627a7f46f,ggml.c:12402-12505,d04dad93-0db9-4137-a2e1-310d72beffb9,gpt-4-o-effb9,Performance,claude-v37-sonnet,0.0,acd8e185-a9d2-4cb7-a219-71158c0f122a,llm_score,0.0,1
114ba2fa-8bae-4e19-8f46-3fbef23b4a98,BitNet,ed0e05d2-3f39-4f23-b645-56d627a7f46f,ggml.c:12402-12505,d04dad93-0db9-4137-a2e1-310d72beffb9,gpt-4-o-effb9,Performance,gemini-v25-pro,0.0,acd8e185-a9d2-4cb7-a219-71158c0f122a,llm_score,0.0,1
114ba2fa-8bae-4e19-8f46-3fbef23b4a98,BitNet,ed0e05d2-3f39-4f23-b645-56d627a7f46f,ggml.c:12402-12505,d04dad93-0db9-4137-a2e1-310d72beffb9,gpt-4-o-effb9,Quality,gpt-41,2.0,5d45ab71-6ae3-454f-b2c8-215fd636ce42,llm_score,2.0,1
114ba2fa-8bae-4e19-8f46-3fbef23b4a98,BitNet,ed0e05d2-3f39-4f23-b645-56d627a7f46f,ggml.c:12402-12505,d04dad93-0db9-4137-a2e1-310d72beffb9,gpt-4-o-effb9,Quality,claude-v37-sonnet,1.5,5d45ab71-6ae3-454f-b2c8-215fd636ce42,llm_score,1.5,1
114ba2fa-8bae-4e19-8f46-3fbef23b4a98,BitNet,ed0e05d2-3f39-4f23-b645-56d627a7f46f,ggml.c:12402-12505,d04dad93-0db9-4137-a2e1-310d72beffb9,gpt-4-o-effb9,Quality,gemini-v25-pro,-1.0,5d45ab71-6ae3-454f-b2c8-215fd636ce42,llm_score,-1.0,1
114ba2fa-8bae-4e19-8f46-3fbef23b4a98,BitNet,ed0e05d2-3f39-4f23-b645-56d627a7f46f,ggml.c:12402-12505,9c610517-64eb-495f-a67a-027d788bedd1,gpt-4-o-bedd1,Performance,gpt-41,0.0,acd8e185-a9d2-4cb7-a219-71158c0f122a,llm_score,0.0,1
114ba2fa-8bae-4e19-8f46-3fbef23b4a98,BitNet,ed0e05d2-3f39-4f23-b645-56d627a7f46f,ggml.c:12402-12505,9c610517-64eb-495f-a67a-027d788bedd1,gpt-4-o-bedd1,Performance,claude-v37-sonnet,0.0,acd8e185-a9d2-4cb7-a219-71158c0f122a,llm_score,0.0,1
114ba2fa-8bae-4e19-8f46-3fbef23b4a98,BitNet,ed0e05d2-3f39-4f23-b645-56d627a7f46f,ggml.c:12402-12505,9c610517-64eb-495f-a67a-027d788bedd1,gpt-4-o-bedd1,Performance,gemini-v25-pro,0.0,acd8e185-a9d2-4cb7-a219-71158c0f122a,llm_score,0.0,1
114ba2fa-8bae-4e19-8f46-3fbef23b4a98,BitNet,ed0e05d2-3f39-4f23-b645-56d627a7f46f,ggml.c:12402-12505,9c610517-64eb-495f-a67a-027d788bedd1,gpt-4-o-bedd1,Quality,claude-v37-sonnet,1.0,5d45ab71-6ae3-454f-b2c8-215fd636ce42,llm_score,1.0,1
114ba2fa-8bae-4e19-8f46-3fbef23b4a98,BitNet,ed0e05d2-3f39-4f23-b645-56d627a7f46f,ggml.c:12402-12505,9c610517-64eb-495f-a67a-027d788bedd1,gpt-4-o-bedd1,Quality,gpt-41,2.0,5d45ab71-6ae3-454f-b2c8-215fd636ce42,llm_score,2.0,1
114ba2fa-8bae-4e19-8f46-3fbef23b4a98,BitNet,ed0e05d2-3f39-4f23-b645-56d627a7f46f,ggml.c:12402-12505,9c610517-64eb-495f-a67a-027d788bedd1,gpt-4-o-bedd1,Quality,gemini-v25-pro,2.0,5d45ab71-6ae3-454f-b2c8-215fd636ce42,llm_score,2.0,1
114ba2fa-8bae-4e19-8f46-3fbef23b4a98,BitNet,ed0e05d2-3f39-4f23-b645-56d627a7f46f,ggml.c:12402-12505,1362dab2-f454-49a6-bf98-722750fb36b3,gpt-4-o-b36b3,Performance,gpt-41,0.0,acd8e185-a9d2-4cb7-a219-71158c0f122a,llm_score,0.0,1
114ba2fa-8bae-4e19-8f46-3fbef23b4a98,BitNet,ed0e05d2-3f39-4f23-b645-56d627a7f46f,ggml.c:12402-12505,1362dab2-f454-49a6-bf98-722750fb36b3,gpt-4-o-b36b3,Performance,claude-v37-sonnet,0.0,acd8e185-a9d2-4cb7-a219-71158c0f122a,llm_score,0.0,1
114ba2fa-8bae-4e19-8f46-3fbef23b4a98,BitNet,ed0e05d2-3f39-4f23-b645-56d627a7f46f,ggml.c:12402-12505,1362dab2-f454-49a6-bf98-722750fb36b3,gpt-4-o-b36b3,Performance,gemini-v25-pro,0.0,acd8e185-a9d2-4cb7-a219-71158c0f122a,llm_score,0.0,1
114ba2fa-8bae-4e19-8f46-3fbef23b4a98,BitNet,ed0e05d2-3f39-4f23-b645-56d627a7f46f,ggml.c:12402-12505,1362dab2-f454-49a6-bf98-722750fb36b3,gpt-4-o-b36b3,Quality,gpt-41,1.0,5d45ab71-6ae3-454f-b2c8-215fd636ce42,llm_score,1.0,1
114ba2fa-8bae-4e19-8f46-3fbef23b4a98,BitNet,ed0e05d2-3f39-4f23-b645-56d627a7f46f,ggml.c:12402-12505,1362dab2-f454-49a6-bf98-722750fb36b3,gpt-4-o-b36b3,Quality,claude-v37-sonnet,1.5,5d45ab71-6ae3-454f-b2c8-215fd636ce42,llm_score,1.5,1
114ba2fa-8bae-4e19-8f46-3fbef23b4a98,BitNet,ed0e05d2-3f39-4f23-b645-56d627a7f46f,ggml.c:12402-12505,1362dab2-f454-49a6-bf98-722750fb36b3,gpt-4-o-b36b3,Quality,gemini-v25-pro,-1.0,5d45ab71-6ae3-454f-b2c8-215fd636ce42,llm_score,-1.0,1
114ba2fa-8bae-4e19-8f46-3fbef23b4a98,BitNet,ed0e05d2-3f39-4f23-b645-56d627a7f46f,ggml.c:12402-12505,3bf7737f-f425-41f9-aaac-5e1c845bd334,gpt-4-o-bd334,Performance,claude-v37-sonnet,0.0,acd8e185-a9d2-4cb7-a219-71158c0f122a,llm_score,0.0,1
114ba2fa-8bae-4e19-8f46-3fbef23b4a98,BitNet,ed0e05d2-3f39-4f23-b645-56d627a7f46f,ggml.c:12402-12505,3bf7737f-f425-41f9-aaac-5e1c845bd334,gpt-4-o-bd334,Performance,gemini-v25-pro,0.0,acd8e185-a9d2-4cb7-a219-71158c0f122a,llm_score,0.0,1
114ba2fa-8bae-4e19-8f46-3fbef23b4a98,BitNet,ed0e05d2-3f39-4f23-b645-56d627a7f46f,ggml.c:12402-12505,3bf7737f-f425-41f9-aaac-5e1c845bd334,gpt-4-o-bd334,Performance,gpt-41,0.0,acd8e185-a9d2-4cb7-a219-71158c0f122a,llm_score,0.0,1
114ba2fa-8bae-4e19-8f46-3fbef23b4a98,BitNet,ed0e05d2-3f39-4f23-b645-56d627a7f46f,ggml.c:12402-12505,3bf7737f-f425-41f9-aaac-5e1c845bd334,gpt-4-o-bd334,Quality,gpt-41,1.0,5d45ab71-6ae3-454f-b2c8-215fd636ce42,llm_score,1.0,1
114ba2fa-8bae-4e19-8f46-3fbef23b4a98,BitNet,ed0e05d2-3f39-4f23-b645-56d627a7f46f,ggml.c:12402-12505,3bf7737f-f425-41f9-aaac-5e1c845bd334,gpt-4-o-bd334,Quality,claude-v37-sonnet,1.5,5d45ab71-6ae3-454f-b2c8-215fd636ce42,llm_score,1.5,1
114ba2fa-8bae-4e19-8f46-3fbef23b4a98,BitNet,ed0e05d2-3f39-4f23-b645-56d627a7f46f,ggml.c:12402-12505,3bf7737f-f425-41f9-aaac-5e1c845bd334,gpt-4-o-bd334,Quality,gemini-v25-pro,2.0,5d45ab71-6ae3-454f-b2c8-215fd636ce42,llm_score,2.0,1
114ba2fa-8bae-4e19-8f46-3fbef23b4a98,BitNet,8ed9280e-5342-4800-91a1-0e9e16f1a1fa,ggml.c:12582-13263,c5f9756b-ac08-4552-8c04-90874c2394c7,gpt-4-o-394c7,Performance,gpt-41,0.0,acd8e185-a9d2-4cb7-a219-71158c0f122a,llm_score,0.0,1
114ba2fa-8bae-4e19-8f46-3fbef23b4a98,BitNet,8ed9280e-5342-4800-91a1-0e9e16f1a1fa,ggml.c:12582-13263,c5f9756b-ac08-4552-8c04-90874c2394c7,gpt-4-o-394c7,Performance,gemini-v25-pro,0.0,acd8e185-a9d2-4cb7-a219-71158c0f122a,llm_score,0.0,1
114ba2fa-8bae-4e19-8f46-3fbef23b4a98,BitNet,8ed9280e-5342-4800-91a1-0e9e16f1a1fa,ggml.c:12582-13263,c5f9756b-ac08-4552-8c04-90874c2394c7,gpt-4-o-394c7,Performance,claude-v37-sonnet,1.7000000000000002,acd8e185-a9d2-4cb7-a219-71158c0f122a,llm_score,1.7000000000000002,1
114ba2fa-8bae-4e19-8f46-3fbef23b4a98,BitNet,8ed9280e-5342-4800-91a1-0e9e16f1a1fa,ggml.c:12582-13263,c5f9756b-ac08-4552-8c04-90874c2394c7,gpt-4-o-394c7,Quality,gpt-41,1.0,5d45ab71-6ae3-454f-b2c8-215fd636ce42,llm_score,1.0,1
114ba2fa-8bae-4e19-8f46-3fbef23b4a98,BitNet,8ed9280e-5342-4800-91a1-0e9e16f1a1fa,ggml.c:12582-13263,c5f9756b-ac08-4552-8c04-90874c2394c7,gpt-4-o-394c7,Quality,gemini-v25-pro,2.0,5d45ab71-6ae3-454f-b2c8-215fd636ce42,llm_score,2.0,1
114ba2fa-8bae-4e19-8f46-3fbef23b4a98,BitNet,8ed9280e-5342-4800-91a1-0e9e16f1a1fa,ggml.c:12582-13263,c5f9756b-ac08-4552-8c04-90874c2394c7,gpt-4-o-394c7,Quality,claude-v37-sonnet,1.0,5d45ab71-6ae3-454f-b2c8-215fd636ce42,llm_score,1.0,1
114ba2fa-8bae-4e19-8f46-3fbef23b4a98,BitNet,8ed9280e-5342-4800-91a1-0e9e16f1a1fa,ggml.c:12582-13263,e7919761-c5e7-480f-94df-2254d3a8e68c,gpt-4-o-8e68c,Performance,gpt-41,0.0,acd8e185-a9d2-4cb7-a219-71158c0f122a,llm_score,0.0,1
114ba2fa-8bae-4e19-8f46-3fbef23b4a98,BitNet,8ed9280e-5342-4800-91a1-0e9e16f1a1fa,ggml.c:12582-13263,e7919761-c5e7-480f-94df-2254d3a8e68c,gpt-4-o-8e68c,Performance,claude-v37-sonnet,0.0,acd8e185-a9d2-4cb7-a219-71158c0f122a,llm_score,0.0,1
114ba2fa-8bae-4e19-8f46-3fbef23b4a98,BitNet,8ed9280e-5342-4800-91a1-0e9e16f1a1fa,ggml.c:12582-13263,e7919761-c5e7-480f-94df-2254d3a8e68c,gpt-4-o-8e68c,Performance,gemini-v25-pro,0.0,acd8e185-a9d2-4cb7-a219-71158c0f122a,llm_score,0.0,1
114ba2fa-8bae-4e19-8f46-3fbef23b4a98,BitNet,8ed9280e-5342-4800-91a1-0e9e16f1a1fa,ggml.c:12582-13263,e7919761-c5e7-480f-94df-2254d3a8e68c,gpt-4-o-8e68c,Quality,claude-v37-sonnet,1.5,5d45ab71-6ae3-454f-b2c8-215fd636ce42,llm_score,1.5,1
114ba2fa-8bae-4e19-8f46-3fbef23b4a98,BitNet,8ed9280e-5342-4800-91a1-0e9e16f1a1fa,ggml.c:12582-13263,e7919761-c5e7-480f-94df-2254d3a8e68c,gpt-4-o-8e68c,Quality,gpt-41,1.5,5d45ab71-6ae3-454f-b2c8-215fd636ce42,llm_score,1.5,1
114ba2fa-8bae-4e19-8f46-3fbef23b4a98,BitNet,8ed9280e-5342-4800-91a1-0e9e16f1a1fa,ggml.c:12582-13263,e7919761-c5e7-480f-94df-2254d3a8e68c,gpt-4-o-8e68c,Quality,gemini-v25-pro,2.0,5d45ab71-6ae3-454f-b2c8-215fd636ce42,llm_score,2.0,1
114ba2fa-8bae-4e19-8f46-3fbef23b4a98,BitNet,8ed9280e-5342-4800-91a1-0e9e16f1a1fa,ggml.c:12582-13263,dbdc8097-737b-4b84-afeb-3654fcf37b1c,gpt-4-o-37b1c,Performance,gpt-41,0.0,acd8e185-a9d2-4cb7-a219-71158c0f122a,llm_score,0.0,1
114ba2fa-8bae-4e19-8f46-3fbef23b4a98,BitNet,8ed9280e-5342-4800-91a1-0e9e16f1a1fa,ggml.c:12582-13263,dbdc8097-737b-4b84-afeb-3654fcf37b1c,gpt-4-o-37b1c,Performance,gemini-v25-pro,0.0,acd8e185-a9d2-4cb7-a219-71158c0f122a,llm_score,0.0,1
114ba2fa-8bae-4e19-8f46-3fbef23b4a98,BitNet,8ed9280e-5342-4800-91a1-0e9e16f1a1fa,ggml.c:12582-13263,dbdc8097-737b-4b84-afeb-3654fcf37b1c,gpt-4-o-37b1c,Performance,claude-v37-sonnet,0.0,acd8e185-a9d2-4cb7-a219-71158c0f122a,llm_score,0.0,1
114ba2fa-8bae-4e19-8f46-3fbef23b4a98,BitNet,8ed9280e-5342-4800-91a1-0e9e16f1a1fa,ggml.c:12582-13263,dbdc8097-737b-4b84-afeb-3654fcf37b1c,gpt-4-o-37b1c,Quality,gpt-41,1.5,5d45ab71-6ae3-454f-b2c8-215fd636ce42,llm_score,1.5,1
114ba2fa-8bae-4e19-8f46-3fbef23b4a98,BitNet,8ed9280e-5342-4800-91a1-0e9e16f1a1fa,ggml.c:12582-13263,dbdc8097-737b-4b84-afeb-3654fcf37b1c,gpt-4-o-37b1c,Quality,gemini-v25-pro,-1.0,5d45ab71-6ae3-454f-b2c8-215fd636ce42,llm_score,-1.0,1
114ba2fa-8bae-4e19-8f46-3fbef23b4a98,BitNet,8ed9280e-5342-4800-91a1-0e9e16f1a1fa,ggml.c:12582-13263,dbdc8097-737b-4b84-afeb-3654fcf37b1c,gpt-4-o-37b1c,Quality,claude-v37-sonnet,0.0,5d45ab71-6ae3-454f-b2c8-215fd636ce42,llm_score,0.0,1
114ba2fa-8bae-4e19-8f46-3fbef23b4a98,BitNet,8ed9280e-5342-4800-91a1-0e9e16f1a1fa,ggml.c:12582-13263,e82620a5-5d91-4fb9-9954-582ba45b271c,gpt-4-o-b271c,Performance,gpt-41,0.0,acd8e185-a9d2-4cb7-a219-71158c0f122a,llm_score,0.0,1
114ba2fa-8bae-4e19-8f46-3fbef23b4a98,BitNet,8ed9280e-5342-4800-91a1-0e9e16f1a1fa,ggml.c:12582-13263,e82620a5-5d91-4fb9-9954-582ba45b271c,gpt-4-o-b271c,Performance,gemini-v25-pro,0.0,acd8e185-a9d2-4cb7-a219-71158c0f122a,llm_score,0.0,1
114ba2fa-8bae-4e19-8f46-3fbef23b4a98,BitNet,8ed9280e-5342-4800-91a1-0e9e16f1a1fa,ggml.c:12582-13263,e82620a5-5d91-4fb9-9954-582ba45b271c,gpt-4-o-b271c,Performance,claude-v37-sonnet,1.5,acd8e185-a9d2-4cb7-a219-71158c0f122a,llm_score,1.5,1
114ba2fa-8bae-4e19-8f46-3fbef23b4a98,BitNet,8ed9280e-5342-4800-91a1-0e9e16f1a1fa,ggml.c:12582-13263,e82620a5-5d91-4fb9-9954-582ba45b271c,gpt-4-o-b271c,Quality,gpt-41,1.5,5d45ab71-6ae3-454f-b2c8-215fd636ce42,llm_score,1.5,1
114ba2fa-8bae-4e19-8f46-3fbef23b4a98,BitNet,8ed9280e-5342-4800-91a1-0e9e16f1a1fa,ggml.c:12582-13263,e82620a5-5d91-4fb9-9954-582ba45b271c,gpt-4-o-b271c,Quality,gemini-v25-pro,2.0,5d45ab71-6ae3-454f-b2c8-215fd636ce42,llm_score,2.0,1
114ba2fa-8bae-4e19-8f46-3fbef23b4a98,BitNet,8ed9280e-5342-4800-91a1-0e9e16f1a1fa,ggml.c:12582-13263,e82620a5-5d91-4fb9-9954-582ba45b271c,gpt-4-o-b271c,Quality,claude-v37-sonnet,1.0,5d45ab71-6ae3-454f-b2c8-215fd636ce42,llm_score,1.0,1
114ba2fa-8bae-4e19-8f46-3fbef23b4a98,BitNet,7ae24fc7-87f9-49bc-8d84-e6c46c31928e,ggml.c:17830-18193,616c9d76-eb88-40e1-92c7-c6fb7a818ea3,gpt-4-o-18ea3,Performance,gpt-41,1.0,acd8e185-a9d2-4cb7-a219-71158c0f122a,llm_score,1.0,1
114ba2fa-8bae-4e19-8f46-3fbef23b4a98,BitNet,7ae24fc7-87f9-49bc-8d84-e6c46c31928e,ggml.c:17830-18193,616c9d76-eb88-40e1-92c7-c6fb7a818ea3,gpt-4-o-18ea3,Performance,claude-v37-sonnet,2.0,acd8e185-a9d2-4cb7-a219-71158c0f122a,llm_score,2.0,1
114ba2fa-8bae-4e19-8f46-3fbef23b4a98,BitNet,7ae24fc7-87f9-49bc-8d84-e6c46c31928e,ggml.c:17830-18193,616c9d76-eb88-40e1-92c7-c6fb7a818ea3,gpt-4-o-18ea3,Performance,gemini-v25-pro,0.0,acd8e185-a9d2-4cb7-a219-71158c0f122a,llm_score,0.0,1
114ba2fa-8bae-4e19-8f46-3fbef23b4a98,BitNet,7ae24fc7-87f9-49bc-8d84-e6c46c31928e,ggml.c:17830-18193,616c9d76-eb88-40e1-92c7-c6fb7a818ea3,gpt-4-o-18ea3,Quality,gpt-41,-1.0,5d45ab71-6ae3-454f-b2c8-215fd636ce42,llm_score,-1.0,1
114ba2fa-8bae-4e19-8f46-3fbef23b4a98,BitNet,7ae24fc7-87f9-49bc-8d84-e6c46c31928e,ggml.c:17830-18193,616c9d76-eb88-40e1-92c7-c6fb7a818ea3,gpt-4-o-18ea3,Quality,claude-v37-sonnet,2.0,5d45ab71-6ae3-454f-b2c8-215fd636ce42,llm_score,2.0,1
114ba2fa-8bae-4e19-8f46-3fbef23b4a98,BitNet,7ae24fc7-87f9-49bc-8d84-e6c46c31928e,ggml.c:17830-18193,616c9d76-eb88-40e1-92c7-c6fb7a818ea3,gpt-4-o-18ea3,Quality,gemini-v25-pro,-2.0,5d45ab71-6ae3-454f-b2c8-215fd636ce42,llm_score,-2.0,1
114ba2fa-8bae-4e19-8f46-3fbef23b4a98,BitNet,7ae24fc7-87f9-49bc-8d84-e6c46c31928e,ggml.c:17830-18193,23219280-7985-4f59-a464-03a155698bf8,gpt-4-o-98bf8,Performance,gpt-41,2.0,acd8e185-a9d2-4cb7-a219-71158c0f122a,llm_score,2.0,1
114ba2fa-8bae-4e19-8f46-3fbef23b4a98,BitNet,7ae24fc7-87f9-49bc-8d84-e6c46c31928e,ggml.c:17830-18193,23219280-7985-4f59-a464-03a155698bf8,gpt-4-o-98bf8,Performance,claude-v37-sonnet,1.5,acd8e185-a9d2-4cb7-a219-71158c0f122a,llm_score,1.5,1
114ba2fa-8bae-4e19-8f46-3fbef23b4a98,BitNet,7ae24fc7-87f9-49bc-8d84-e6c46c31928e,ggml.c:17830-18193,23219280-7985-4f59-a464-03a155698bf8,gpt-4-o-98bf8,Performance,gemini-v25-pro,-1.0,acd8e185-a9d2-4cb7-a219-71158c0f122a,llm_score,-1.0,1
114ba2fa-8bae-4e19-8f46-3fbef23b4a98,BitNet,7ae24fc7-87f9-49bc-8d84-e6c46c31928e,ggml.c:17830-18193,23219280-7985-4f59-a464-03a155698bf8,gpt-4-o-98bf8,Quality,claude-v37-sonnet,1.5,5d45ab71-6ae3-454f-b2c8-215fd636ce42,llm_score,1.5,1
114ba2fa-8bae-4e19-8f46-3fbef23b4a98,BitNet,7ae24fc7-87f9-49bc-8d84-e6c46c31928e,ggml.c:17830-18193,23219280-7985-4f59-a464-03a155698bf8,gpt-4-o-98bf8,Quality,gpt-41,1.5,5d45ab71-6ae3-454f-b2c8-215fd636ce42,llm_score,1.5,1
114ba2fa-8bae-4e19-8f46-3fbef23b4a98,BitNet,7ae24fc7-87f9-49bc-8d84-e6c46c31928e,ggml.c:17830-18193,23219280-7985-4f59-a464-03a155698bf8,gpt-4-o-98bf8,Quality,gemini-v25-pro,1.5,5d45ab71-6ae3-454f-b2c8-215fd636ce42,llm_score,1.5,1
114ba2fa-8bae-4e19-8f46-3fbef23b4a98,BitNet,7ae24fc7-87f9-49bc-8d84-e6c46c31928e,ggml.c:17830-18193,144c021d-34cb-4a21-af6a-aff747160dfe,gpt-4-o-60dfe,Performance,gpt-41,1.0,acd8e185-a9d2-4cb7-a219-71158c0f122a,llm_score,1.0,1
114ba2fa-8bae-4e19-8f46-3fbef23b4a98,BitNet,7ae24fc7-87f9-49bc-8d84-e6c46c31928e,ggml.c:17830-18193,144c021d-34cb-4a21-af6a-aff747160dfe,gpt-4-o-60dfe,Performance,claude-v37-sonnet,1.5,acd8e185-a9d2-4cb7-a219-71158c0f122a,llm_score,1.5,1
114ba2fa-8bae-4e19-8f46-3fbef23b4a98,BitNet,7ae24fc7-87f9-49bc-8d84-e6c46c31928e,ggml.c:17830-18193,144c021d-34cb-4a21-af6a-aff747160dfe,gpt-4-o-60dfe,Performance,gemini-v25-pro,-1.0,acd8e185-a9d2-4cb7-a219-71158c0f122a,llm_score,-1.0,1
114ba2fa-8bae-4e19-8f46-3fbef23b4a98,BitNet,7ae24fc7-87f9-49bc-8d84-e6c46c31928e,ggml.c:17830-18193,144c021d-34cb-4a21-af6a-aff747160dfe,gpt-4-o-60dfe,Quality,gpt-41,-1.0,5d45ab71-6ae3-454f-b2c8-215fd636ce42,llm_score,-1.0,1
114ba2fa-8bae-4e19-8f46-3fbef23b4a98,BitNet,7ae24fc7-87f9-49bc-8d84-e6c46c31928e,ggml.c:17830-18193,144c021d-34cb-4a21-af6a-aff747160dfe,gpt-4-o-60dfe,Quality,claude-v37-sonnet,2.0,5d45ab71-6ae3-454f-b2c8-215fd636ce42,llm_score,2.0,1
114ba2fa-8bae-4e19-8f46-3fbef23b4a98,BitNet,7ae24fc7-87f9-49bc-8d84-e6c46c31928e,ggml.c:17830-18193,144c021d-34cb-4a21-af6a-aff747160dfe,gpt-4-o-60dfe,Quality,gemini-v25-pro,-2.0,5d45ab71-6ae3-454f-b2c8-215fd636ce42,llm_score,-2.0,1
114ba2fa-8bae-4e19-8f46-3fbef23b4a98,BitNet,7ae24fc7-87f9-49bc-8d84-e6c46c31928e,ggml.c:17830-18193,05dc2589-8b4f-4de3-bb1f-59752c1bb032,gpt-4-o-bb032,Performance,gemini-v25-pro,-1.0,acd8e185-a9d2-4cb7-a219-71158c0f122a,llm_score,-1.0,1
114ba2fa-8bae-4e19-8f46-3fbef23b4a98,BitNet,7ae24fc7-87f9-49bc-8d84-e6c46c31928e,ggml.c:17830-18193,05dc2589-8b4f-4de3-bb1f-59752c1bb032,gpt-4-o-bb032,Performance,claude-v37-sonnet,1.5,acd8e185-a9d2-4cb7-a219-71158c0f122a,llm_score,1.5,1
114ba2fa-8bae-4e19-8f46-3fbef23b4a98,BitNet,7ae24fc7-87f9-49bc-8d84-e6c46c31928e,ggml.c:17830-18193,05dc2589-8b4f-4de3-bb1f-59752c1bb032,gpt-4-o-bb032,Performance,gpt-41,1.0,acd8e185-a9d2-4cb7-a219-71158c0f122a,llm_score,1.0,1
114ba2fa-8bae-4e19-8f46-3fbef23b4a98,BitNet,7ae24fc7-87f9-49bc-8d84-e6c46c31928e,ggml.c:17830-18193,05dc2589-8b4f-4de3-bb1f-59752c1bb032,gpt-4-o-bb032,Quality,gpt-41,1.0,5d45ab71-6ae3-454f-b2c8-215fd636ce42,llm_score,1.0,1
114ba2fa-8bae-4e19-8f46-3fbef23b4a98,BitNet,7ae24fc7-87f9-49bc-8d84-e6c46c31928e,ggml.c:17830-18193,05dc2589-8b4f-4de3-bb1f-59752c1bb032,gpt-4-o-bb032,Quality,gemini-v25-pro,1.7999999999999998,5d45ab71-6ae3-454f-b2c8-215fd636ce42,llm_score,1.7999999999999998,1
114ba2fa-8bae-4e19-8f46-3fbef23b4a98,BitNet,7ae24fc7-87f9-49bc-8d84-e6c46c31928e,ggml.c:17830-18193,05dc2589-8b4f-4de3-bb1f-59752c1bb032,gpt-4-o-bb032,Quality,claude-v37-sonnet,1.7999999999999998,5d45ab71-6ae3-454f-b2c8-215fd636ce42,llm_score,1.7999999999999998,1
114ba2fa-8bae-4e19-8f46-3fbef23b4a98,BitNet,3a137da2-31e7-413b-ac00-8eecbd731a13,ggml.c:3507-3509,c5acf1fa-a350-4bac-9533-8b2434ea9a59,gpt-4-o-a9a59,Performance,gemini-v25-pro,0.0,acd8e185-a9d2-4cb7-a219-71158c0f122a,llm_score,0.0,1
114ba2fa-8bae-4e19-8f46-3fbef23b4a98,BitNet,3a137da2-31e7-413b-ac00-8eecbd731a13,ggml.c:3507-3509,c5acf1fa-a350-4bac-9533-8b2434ea9a59,gpt-4-o-a9a59,Performance,claude-v37-sonnet,0.0,acd8e185-a9d2-4cb7-a219-71158c0f122a,llm_score,0.0,1
114ba2fa-8bae-4e19-8f46-3fbef23b4a98,BitNet,3a137da2-31e7-413b-ac00-8eecbd731a13,ggml.c:3507-3509,c5acf1fa-a350-4bac-9533-8b2434ea9a59,gpt-4-o-a9a59,Performance,gpt-41,0.0,acd8e185-a9d2-4cb7-a219-71158c0f122a,llm_score,0.0,1
114ba2fa-8bae-4e19-8f46-3fbef23b4a98,BitNet,3a137da2-31e7-413b-ac00-8eecbd731a13,ggml.c:3507-3509,c5acf1fa-a350-4bac-9533-8b2434ea9a59,gpt-4-o-a9a59,Quality,gpt-41,1.0,5d45ab71-6ae3-454f-b2c8-215fd636ce42,llm_score,1.0,1
114ba2fa-8bae-4e19-8f46-3fbef23b4a98,BitNet,3a137da2-31e7-413b-ac00-8eecbd731a13,ggml.c:3507-3509,c5acf1fa-a350-4bac-9533-8b2434ea9a59,gpt-4-o-a9a59,Quality,gemini-v25-pro,-1.0,5d45ab71-6ae3-454f-b2c8-215fd636ce42,llm_score,-1.0,1
114ba2fa-8bae-4e19-8f46-3fbef23b4a98,BitNet,3a137da2-31e7-413b-ac00-8eecbd731a13,ggml.c:3507-3509,c5acf1fa-a350-4bac-9533-8b2434ea9a59,gpt-4-o-a9a59,Quality,claude-v37-sonnet,1.0,5d45ab71-6ae3-454f-b2c8-215fd636ce42,llm_score,1.0,1
114ba2fa-8bae-4e19-8f46-3fbef23b4a98,BitNet,3a137da2-31e7-413b-ac00-8eecbd731a13,ggml.c:3507-3509,026e0d96-9104-4f4b-b78f-fe4059e58de3,gpt-4-o-58de3,Performance,gpt-41,0.0,acd8e185-a9d2-4cb7-a219-71158c0f122a,llm_score,0.0,1
114ba2fa-8bae-4e19-8f46-3fbef23b4a98,BitNet,3a137da2-31e7-413b-ac00-8eecbd731a13,ggml.c:3507-3509,026e0d96-9104-4f4b-b78f-fe4059e58de3,gpt-4-o-58de3,Performance,claude-v37-sonnet,0.0,acd8e185-a9d2-4cb7-a219-71158c0f122a,llm_score,0.0,1
114ba2fa-8bae-4e19-8f46-3fbef23b4a98,BitNet,3a137da2-31e7-413b-ac00-8eecbd731a13,ggml.c:3507-3509,026e0d96-9104-4f4b-b78f-fe4059e58de3,gpt-4-o-58de3,Performance,gemini-v25-pro,0.0,acd8e185-a9d2-4cb7-a219-71158c0f122a,llm_score,0.0,1
114ba2fa-8bae-4e19-8f46-3fbef23b4a98,BitNet,3a137da2-31e7-413b-ac00-8eecbd731a13,ggml.c:3507-3509,026e0d96-9104-4f4b-b78f-fe4059e58de3,gpt-4-o-58de3,Quality,gpt-41,1.0,5d45ab71-6ae3-454f-b2c8-215fd636ce42,llm_score,1.0,1
114ba2fa-8bae-4e19-8f46-3fbef23b4a98,BitNet,3a137da2-31e7-413b-ac00-8eecbd731a13,ggml.c:3507-3509,026e0d96-9104-4f4b-b78f-fe4059e58de3,gpt-4-o-58de3,Quality,claude-v37-sonnet,1.0,5d45ab71-6ae3-454f-b2c8-215fd636ce42,llm_score,1.0,1
114ba2fa-8bae-4e19-8f46-3fbef23b4a98,BitNet,3a137da2-31e7-413b-ac00-8eecbd731a13,ggml.c:3507-3509,026e0d96-9104-4f4b-b78f-fe4059e58de3,gpt-4-o-58de3,Quality,gemini-v25-pro,-1.0,5d45ab71-6ae3-454f-b2c8-215fd636ce42,llm_score,-1.0,1
114ba2fa-8bae-4e19-8f46-3fbef23b4a98,BitNet,3a137da2-31e7-413b-ac00-8eecbd731a13,ggml.c:3507-3509,81644277-267e-45c3-8deb-021f13fec99c,gpt-4-o-ec99c,Performance,gemini-v25-pro,0.0,acd8e185-a9d2-4cb7-a219-71158c0f122a,llm_score,0.0,1
114ba2fa-8bae-4e19-8f46-3fbef23b4a98,BitNet,3a137da2-31e7-413b-ac00-8eecbd731a13,ggml.c:3507-3509,81644277-267e-45c3-8deb-021f13fec99c,gpt-4-o-ec99c,Performance,claude-v37-sonnet,0.0,acd8e185-a9d2-4cb7-a219-71158c0f122a,llm_score,0.0,1
114ba2fa-8bae-4e19-8f46-3fbef23b4a98,BitNet,3a137da2-31e7-413b-ac00-8eecbd731a13,ggml.c:3507-3509,81644277-267e-45c3-8deb-021f13fec99c,gpt-4-o-ec99c,Performance,gpt-41,0.0,acd8e185-a9d2-4cb7-a219-71158c0f122a,llm_score,0.0,1
114ba2fa-8bae-4e19-8f46-3fbef23b4a98,BitNet,3a137da2-31e7-413b-ac00-8eecbd731a13,ggml.c:3507-3509,81644277-267e-45c3-8deb-021f13fec99c,gpt-4-o-ec99c,Quality,gpt-41,1.0,5d45ab71-6ae3-454f-b2c8-215fd636ce42,llm_score,1.0,1
114ba2fa-8bae-4e19-8f46-3fbef23b4a98,BitNet,3a137da2-31e7-413b-ac00-8eecbd731a13,ggml.c:3507-3509,81644277-267e-45c3-8deb-021f13fec99c,gpt-4-o-ec99c,Quality,gemini-v25-pro,0.0,5d45ab71-6ae3-454f-b2c8-215fd636ce42,llm_score,0.0,1
114ba2fa-8bae-4e19-8f46-3fbef23b4a98,BitNet,3a137da2-31e7-413b-ac00-8eecbd731a13,ggml.c:3507-3509,81644277-267e-45c3-8deb-021f13fec99c,gpt-4-o-ec99c,Quality,claude-v37-sonnet,1.0,5d45ab71-6ae3-454f-b2c8-215fd636ce42,llm_score,1.0,1
114ba2fa-8bae-4e19-8f46-3fbef23b4a98,BitNet,3a137da2-31e7-413b-ac00-8eecbd731a13,ggml.c:3507-3509,2ef3c29a-3b90-4ffb-ae9e-fa5f29b937ff,gpt-4-o-937ff,Performance,gpt-41,0.0,acd8e185-a9d2-4cb7-a219-71158c0f122a,llm_score,0.0,1
114ba2fa-8bae-4e19-8f46-3fbef23b4a98,BitNet,3a137da2-31e7-413b-ac00-8eecbd731a13,ggml.c:3507-3509,2ef3c29a-3b90-4ffb-ae9e-fa5f29b937ff,gpt-4-o-937ff,Performance,gemini-v25-pro,0.0,acd8e185-a9d2-4cb7-a219-71158c0f122a,llm_score,0.0,1
114ba2fa-8bae-4e19-8f46-3fbef23b4a98,BitNet,3a137da2-31e7-413b-ac00-8eecbd731a13,ggml.c:3507-3509,2ef3c29a-3b90-4ffb-ae9e-fa5f29b937ff,gpt-4-o-937ff,Performance,claude-v37-sonnet,0.0,acd8e185-a9d2-4cb7-a219-71158c0f122a,llm_score,0.0,1
114ba2fa-8bae-4e19-8f46-3fbef23b4a98,BitNet,3a137da2-31e7-413b-ac00-8eecbd731a13,ggml.c:3507-3509,2ef3c29a-3b90-4ffb-ae9e-fa5f29b937ff,gpt-4-o-937ff,Quality,gpt-41,1.0,5d45ab71-6ae3-454f-b2c8-215fd636ce42,llm_score,1.0,1
114ba2fa-8bae-4e19-8f46-3fbef23b4a98,BitNet,3a137da2-31e7-413b-ac00-8eecbd731a13,ggml.c:3507-3509,2ef3c29a-3b90-4ffb-ae9e-fa5f29b937ff,gpt-4-o-937ff,Quality,gemini-v25-pro,1.0,5d45ab71-6ae3-454f-b2c8-215fd636ce42,llm_score,1.0,1
114ba2fa-8bae-4e19-8f46-3fbef23b4a98,BitNet,3a137da2-31e7-413b-ac00-8eecbd731a13,ggml.c:3507-3509,2ef3c29a-3b90-4ffb-ae9e-fa5f29b937ff,gpt-4-o-937ff,Quality,claude-v37-sonnet,1.2000000000000002,5d45ab71-6ae3-454f-b2c8-215fd636ce42,llm_score,1.2000000000000002,1
114ba2fa-8bae-4e19-8f46-3fbef23b4a98,BitNet,964ede2c-075f-4629-8a81-52bf163e5d94,ggml-quants.c:1638-1644,5e8e4561-5403-4f88-89ed-3efdba40b1a0,gpt-4-o-0b1a0,Performance,gemini-v25-pro,0.0,acd8e185-a9d2-4cb7-a219-71158c0f122a,llm_score,0.0,1
114ba2fa-8bae-4e19-8f46-3fbef23b4a98,BitNet,964ede2c-075f-4629-8a81-52bf163e5d94,ggml-quants.c:1638-1644,5e8e4561-5403-4f88-89ed-3efdba40b1a0,gpt-4-o-0b1a0,Performance,claude-v37-sonnet,1.5,acd8e185-a9d2-4cb7-a219-71158c0f122a,llm_score,1.5,1
114ba2fa-8bae-4e19-8f46-3fbef23b4a98,BitNet,964ede2c-075f-4629-8a81-52bf163e5d94,ggml-quants.c:1638-1644,5e8e4561-5403-4f88-89ed-3efdba40b1a0,gpt-4-o-0b1a0,Performance,gpt-41,1.0,acd8e185-a9d2-4cb7-a219-71158c0f122a,llm_score,1.0,1
114ba2fa-8bae-4e19-8f46-3fbef23b4a98,BitNet,964ede2c-075f-4629-8a81-52bf163e5d94,ggml-quants.c:1638-1644,5e8e4561-5403-4f88-89ed-3efdba40b1a0,gpt-4-o-0b1a0,Quality,gpt-41,2.0,5d45ab71-6ae3-454f-b2c8-215fd636ce42,llm_score,2.0,1
114ba2fa-8bae-4e19-8f46-3fbef23b4a98,BitNet,964ede2c-075f-4629-8a81-52bf163e5d94,ggml-quants.c:1638-1644,5e8e4561-5403-4f88-89ed-3efdba40b1a0,gpt-4-o-0b1a0,Quality,gemini-v25-pro,2.0,5d45ab71-6ae3-454f-b2c8-215fd636ce42,llm_score,2.0,1
114ba2fa-8bae-4e19-8f46-3fbef23b4a98,BitNet,964ede2c-075f-4629-8a81-52bf163e5d94,ggml-quants.c:1638-1644,5e8e4561-5403-4f88-89ed-3efdba40b1a0,gpt-4-o-0b1a0,Quality,claude-v37-sonnet,1.7999999999999998,5d45ab71-6ae3-454f-b2c8-215fd636ce42,llm_score,1.7999999999999998,1
114ba2fa-8bae-4e19-8f46-3fbef23b4a98,BitNet,964ede2c-075f-4629-8a81-52bf163e5d94,ggml-quants.c:1638-1644,45616539-559a-4955-b87e-ac0f3ec5a193,gpt-4-o-5a193,Performance,gpt-41,1.0,acd8e185-a9d2-4cb7-a219-71158c0f122a,llm_score,1.0,1
114ba2fa-8bae-4e19-8f46-3fbef23b4a98,BitNet,964ede2c-075f-4629-8a81-52bf163e5d94,ggml-quants.c:1638-1644,45616539-559a-4955-b87e-ac0f3ec5a193,gpt-4-o-5a193,Performance,claude-v37-sonnet,1.0,acd8e185-a9d2-4cb7-a219-71158c0f122a,llm_score,1.0,1
114ba2fa-8bae-4e19-8f46-3fbef23b4a98,BitNet,964ede2c-075f-4629-8a81-52bf163e5d94,ggml-quants.c:1638-1644,45616539-559a-4955-b87e-ac0f3ec5a193,gpt-4-o-5a193,Performance,gemini-v25-pro,0.0,acd8e185-a9d2-4cb7-a219-71158c0f122a,llm_score,0.0,1
114ba2fa-8bae-4e19-8f46-3fbef23b4a98,BitNet,964ede2c-075f-4629-8a81-52bf163e5d94,ggml-quants.c:1638-1644,45616539-559a-4955-b87e-ac0f3ec5a193,gpt-4-o-5a193,Quality,gpt-41,2.0,5d45ab71-6ae3-454f-b2c8-215fd636ce42,llm_score,2.0,1
114ba2fa-8bae-4e19-8f46-3fbef23b4a98,BitNet,964ede2c-075f-4629-8a81-52bf163e5d94,ggml-quants.c:1638-1644,45616539-559a-4955-b87e-ac0f3ec5a193,gpt-4-o-5a193,Quality,claude-v37-sonnet,1.5,5d45ab71-6ae3-454f-b2c8-215fd636ce42,llm_score,1.5,1
114ba2fa-8bae-4e19-8f46-3fbef23b4a98,BitNet,964ede2c-075f-4629-8a81-52bf163e5d94,ggml-quants.c:1638-1644,45616539-559a-4955-b87e-ac0f3ec5a193,gpt-4-o-5a193,Quality,gemini-v25-pro,2.0,5d45ab71-6ae3-454f-b2c8-215fd636ce42,llm_score,2.0,1
114ba2fa-8bae-4e19-8f46-3fbef23b4a98,BitNet,964ede2c-075f-4629-8a81-52bf163e5d94,ggml-quants.c:1638-1644,d462d4dc-2701-44c2-b64e-3d8f5116bbb2,gpt-4-o-6bbb2,Performance,gpt-41,2.0,acd8e185-a9d2-4cb7-a219-71158c0f122a,llm_score,2.0,1
114ba2fa-8bae-4e19-8f46-3fbef23b4a98,BitNet,964ede2c-075f-4629-8a81-52bf163e5d94,ggml-quants.c:1638-1644,d462d4dc-2701-44c2-b64e-3d8f5116bbb2,gpt-4-o-6bbb2,Performance,claude-v37-sonnet,1.5,acd8e185-a9d2-4cb7-a219-71158c0f122a,llm_score,1.5,1
114ba2fa-8bae-4e19-8f46-3fbef23b4a98,BitNet,964ede2c-075f-4629-8a81-52bf163e5d94,ggml-quants.c:1638-1644,d462d4dc-2701-44c2-b64e-3d8f5116bbb2,gpt-4-o-6bbb2,Performance,gemini-v25-pro,1.0,acd8e185-a9d2-4cb7-a219-71158c0f122a,llm_score,1.0,1
114ba2fa-8bae-4e19-8f46-3fbef23b4a98,BitNet,964ede2c-075f-4629-8a81-52bf163e5d94,ggml-quants.c:1638-1644,d462d4dc-2701-44c2-b64e-3d8f5116bbb2,gpt-4-o-6bbb2,Quality,gpt-41,2.0,5d45ab71-6ae3-454f-b2c8-215fd636ce42,llm_score,2.0,1
114ba2fa-8bae-4e19-8f46-3fbef23b4a98,BitNet,964ede2c-075f-4629-8a81-52bf163e5d94,ggml-quants.c:1638-1644,d462d4dc-2701-44c2-b64e-3d8f5116bbb2,gpt-4-o-6bbb2,Quality,claude-v37-sonnet,1.7000000000000002,5d45ab71-6ae3-454f-b2c8-215fd636ce42,llm_score,1.7000000000000002,1
114ba2fa-8bae-4e19-8f46-3fbef23b4a98,BitNet,964ede2c-075f-4629-8a81-52bf163e5d94,ggml-quants.c:1638-1644,d462d4dc-2701-44c2-b64e-3d8f5116bbb2,gpt-4-o-6bbb2,Quality,gemini-v25-pro,2.0,5d45ab71-6ae3-454f-b2c8-215fd636ce42,llm_score,2.0,1
114ba2fa-8bae-4e19-8f46-3fbef23b4a98,BitNet,964ede2c-075f-4629-8a81-52bf163e5d94,ggml-quants.c:1638-1644,89f2481e-6cae-4cd0-adf2-4f8de6d8cbf1,gpt-4-o-8cbf1,Performance,gemini-v25-pro,1.0,acd8e185-a9d2-4cb7-a219-71158c0f122a,llm_score,1.0,1
114ba2fa-8bae-4e19-8f46-3fbef23b4a98,BitNet,964ede2c-075f-4629-8a81-52bf163e5d94,ggml-quants.c:1638-1644,89f2481e-6cae-4cd0-adf2-4f8de6d8cbf1,gpt-4-o-8cbf1,Performance,claude-v37-sonnet,1.5,acd8e185-a9d2-4cb7-a219-71158c0f122a,llm_score,1.5,1
114ba2fa-8bae-4e19-8f46-3fbef23b4a98,BitNet,964ede2c-075f-4629-8a81-52bf163e5d94,ggml-quants.c:1638-1644,89f2481e-6cae-4cd0-adf2-4f8de6d8cbf1,gpt-4-o-8cbf1,Performance,gpt-41,1.0,acd8e185-a9d2-4cb7-a219-71158c0f122a,llm_score,1.0,1
114ba2fa-8bae-4e19-8f46-3fbef23b4a98,BitNet,964ede2c-075f-4629-8a81-52bf163e5d94,ggml-quants.c:1638-1644,89f2481e-6cae-4cd0-adf2-4f8de6d8cbf1,gpt-4-o-8cbf1,Quality,gpt-41,2.0,5d45ab71-6ae3-454f-b2c8-215fd636ce42,llm_score,2.0,1
114ba2fa-8bae-4e19-8f46-3fbef23b4a98,BitNet,964ede2c-075f-4629-8a81-52bf163e5d94,ggml-quants.c:1638-1644,89f2481e-6cae-4cd0-adf2-4f8de6d8cbf1,gpt-4-o-8cbf1,Quality,claude-v37-sonnet,2.0,5d45ab71-6ae3-454f-b2c8-215fd636ce42,llm_score,2.0,1
114ba2fa-8bae-4e19-8f46-3fbef23b4a98,BitNet,964ede2c-075f-4629-8a81-52bf163e5d94,ggml-quants.c:1638-1644,89f2481e-6cae-4cd0-adf2-4f8de6d8cbf1,gpt-4-o-8cbf1,Quality,gemini-v25-pro,2.0,5d45ab71-6ae3-454f-b2c8-215fd636ce42,llm_score,2.0,1
114ba2fa-8bae-4e19-8f46-3fbef23b4a98,BitNet,60ad4efd-5fc2-457f-a2c3-4a260eb6078c,ggml.c:3503-3505,d3f6ecd0-bf65-4642-bf68-92b6ebea32c4,gpt-4-o-a32c4,Performance,claude-v37-sonnet,1.0,acd8e185-a9d2-4cb7-a219-71158c0f122a,llm_score,1.0,1
114ba2fa-8bae-4e19-8f46-3fbef23b4a98,BitNet,60ad4efd-5fc2-457f-a2c3-4a260eb6078c,ggml.c:3503-3505,d3f6ecd0-bf65-4642-bf68-92b6ebea32c4,gpt-4-o-a32c4,Performance,gemini-v25-pro,1.0,acd8e185-a9d2-4cb7-a219-71158c0f122a,llm_score,1.0,1
114ba2fa-8bae-4e19-8f46-3fbef23b4a98,BitNet,60ad4efd-5fc2-457f-a2c3-4a260eb6078c,ggml.c:3503-3505,d3f6ecd0-bf65-4642-bf68-92b6ebea32c4,gpt-4-o-a32c4,Performance,gpt-41,0.0,acd8e185-a9d2-4cb7-a219-71158c0f122a,llm_score,0.0,1
114ba2fa-8bae-4e19-8f46-3fbef23b4a98,BitNet,60ad4efd-5fc2-457f-a2c3-4a260eb6078c,ggml.c:3503-3505,d3f6ecd0-bf65-4642-bf68-92b6ebea32c4,gpt-4-o-a32c4,Quality,gpt-41,1.0,5d45ab71-6ae3-454f-b2c8-215fd636ce42,llm_score,1.0,1
114ba2fa-8bae-4e19-8f46-3fbef23b4a98,BitNet,60ad4efd-5fc2-457f-a2c3-4a260eb6078c,ggml.c:3503-3505,d3f6ecd0-bf65-4642-bf68-92b6ebea32c4,gpt-4-o-a32c4,Quality,claude-v37-sonnet,1.0,5d45ab71-6ae3-454f-b2c8-215fd636ce42,llm_score,1.0,1
114ba2fa-8bae-4e19-8f46-3fbef23b4a98,BitNet,60ad4efd-5fc2-457f-a2c3-4a260eb6078c,ggml.c:3503-3505,d3f6ecd0-bf65-4642-bf68-92b6ebea32c4,gpt-4-o-a32c4,Quality,gemini-v25-pro,2.0,5d45ab71-6ae3-454f-b2c8-215fd636ce42,llm_score,2.0,1
114ba2fa-8bae-4e19-8f46-3fbef23b4a98,BitNet,60ad4efd-5fc2-457f-a2c3-4a260eb6078c,ggml.c:3503-3505,628e87c8-5cb6-4979-8e71-fafba70e2ec3,gpt-4-o-e2ec3,Performance,gpt-41,1.0,acd8e185-a9d2-4cb7-a219-71158c0f122a,llm_score,1.0,1
114ba2fa-8bae-4e19-8f46-3fbef23b4a98,BitNet,60ad4efd-5fc2-457f-a2c3-4a260eb6078c,ggml.c:3503-3505,628e87c8-5cb6-4979-8e71-fafba70e2ec3,gpt-4-o-e2ec3,Performance,claude-v37-sonnet,1.5,acd8e185-a9d2-4cb7-a219-71158c0f122a,llm_score,1.5,1
114ba2fa-8bae-4e19-8f46-3fbef23b4a98,BitNet,60ad4efd-5fc2-457f-a2c3-4a260eb6078c,ggml.c:3503-3505,628e87c8-5cb6-4979-8e71-fafba70e2ec3,gpt-4-o-e2ec3,Performance,gemini-v25-pro,1.0,acd8e185-a9d2-4cb7-a219-71158c0f122a,llm_score,1.0,1
114ba2fa-8bae-4e19-8f46-3fbef23b4a98,BitNet,60ad4efd-5fc2-457f-a2c3-4a260eb6078c,ggml.c:3503-3505,628e87c8-5cb6-4979-8e71-fafba70e2ec3,gpt-4-o-e2ec3,Quality,claude-v37-sonnet,0.20000000000000018,5d45ab71-6ae3-454f-b2c8-215fd636ce42,llm_score,0.20000000000000018,1
114ba2fa-8bae-4e19-8f46-3fbef23b4a98,BitNet,60ad4efd-5fc2-457f-a2c3-4a260eb6078c,ggml.c:3503-3505,628e87c8-5cb6-4979-8e71-fafba70e2ec3,gpt-4-o-e2ec3,Quality,gpt-41,1.0,5d45ab71-6ae3-454f-b2c8-215fd636ce42,llm_score,1.0,1
114ba2fa-8bae-4e19-8f46-3fbef23b4a98,BitNet,60ad4efd-5fc2-457f-a2c3-4a260eb6078c,ggml.c:3503-3505,628e87c8-5cb6-4979-8e71-fafba70e2ec3,gpt-4-o-e2ec3,Quality,gemini-v25-pro,-0.5,5d45ab71-6ae3-454f-b2c8-215fd636ce42,llm_score,-0.5,1
114ba2fa-8bae-4e19-8f46-3fbef23b4a98,BitNet,60ad4efd-5fc2-457f-a2c3-4a260eb6078c,ggml.c:3503-3505,6b551d50-c27b-45bc-8e79-9ee8e64ad410,gpt-4-o-ad410,Performance,claude-v37-sonnet,0.0,acd8e185-a9d2-4cb7-a219-71158c0f122a,llm_score,0.0,1
114ba2fa-8bae-4e19-8f46-3fbef23b4a98,BitNet,60ad4efd-5fc2-457f-a2c3-4a260eb6078c,ggml.c:3503-3505,6b551d50-c27b-45bc-8e79-9ee8e64ad410,gpt-4-o-ad410,Performance,gemini-v25-pro,0.0,acd8e185-a9d2-4cb7-a219-71158c0f122a,llm_score,0.0,1
114ba2fa-8bae-4e19-8f46-3fbef23b4a98,BitNet,60ad4efd-5fc2-457f-a2c3-4a260eb6078c,ggml.c:3503-3505,6b551d50-c27b-45bc-8e79-9ee8e64ad410,gpt-4-o-ad410,Performance,gpt-41,0.0,acd8e185-a9d2-4cb7-a219-71158c0f122a,llm_score,0.0,1
114ba2fa-8bae-4e19-8f46-3fbef23b4a98,BitNet,60ad4efd-5fc2-457f-a2c3-4a260eb6078c,ggml.c:3503-3505,6b551d50-c27b-45bc-8e79-9ee8e64ad410,gpt-4-o-ad410,Quality,gpt-41,1.0,5d45ab71-6ae3-454f-b2c8-215fd636ce42,llm_score,1.0,1
114ba2fa-8bae-4e19-8f46-3fbef23b4a98,BitNet,60ad4efd-5fc2-457f-a2c3-4a260eb6078c,ggml.c:3503-3505,6b551d50-c27b-45bc-8e79-9ee8e64ad410,gpt-4-o-ad410,Quality,claude-v37-sonnet,0.5,5d45ab71-6ae3-454f-b2c8-215fd636ce42,llm_score,0.5,1
114ba2fa-8bae-4e19-8f46-3fbef23b4a98,BitNet,60ad4efd-5fc2-457f-a2c3-4a260eb6078c,ggml.c:3503-3505,6b551d50-c27b-45bc-8e79-9ee8e64ad410,gpt-4-o-ad410,Quality,gemini-v25-pro,-1.0,5d45ab71-6ae3-454f-b2c8-215fd636ce42,llm_score,-1.0,1
114ba2fa-8bae-4e19-8f46-3fbef23b4a98,BitNet,60ad4efd-5fc2-457f-a2c3-4a260eb6078c,ggml.c:3503-3505,28bf04f5-28bb-41c1-920a-33de3c8bc360,gpt-4-o-bc360,Performance,gpt-41,0.0,acd8e185-a9d2-4cb7-a219-71158c0f122a,llm_score,0.0,1
114ba2fa-8bae-4e19-8f46-3fbef23b4a98,BitNet,60ad4efd-5fc2-457f-a2c3-4a260eb6078c,ggml.c:3503-3505,28bf04f5-28bb-41c1-920a-33de3c8bc360,gpt-4-o-bc360,Performance,claude-v37-sonnet,0.0,acd8e185-a9d2-4cb7-a219-71158c0f122a,llm_score,0.0,1
114ba2fa-8bae-4e19-8f46-3fbef23b4a98,BitNet,60ad4efd-5fc2-457f-a2c3-4a260eb6078c,ggml.c:3503-3505,28bf04f5-28bb-41c1-920a-33de3c8bc360,gpt-4-o-bc360,Performance,gemini-v25-pro,0.0,acd8e185-a9d2-4cb7-a219-71158c0f122a,llm_score,0.0,1
114ba2fa-8bae-4e19-8f46-3fbef23b4a98,BitNet,60ad4efd-5fc2-457f-a2c3-4a260eb6078c,ggml.c:3503-3505,28bf04f5-28bb-41c1-920a-33de3c8bc360,gpt-4-o-bc360,Quality,gpt-41,1.0,5d45ab71-6ae3-454f-b2c8-215fd636ce42,llm_score,1.0,1
114ba2fa-8bae-4e19-8f46-3fbef23b4a98,BitNet,60ad4efd-5fc2-457f-a2c3-4a260eb6078c,ggml.c:3503-3505,28bf04f5-28bb-41c1-920a-33de3c8bc360,gpt-4-o-bc360,Quality,claude-v37-sonnet,1.0,5d45ab71-6ae3-454f-b2c8-215fd636ce42,llm_score,1.0,1
114ba2fa-8bae-4e19-8f46-3fbef23b4a98,BitNet,60ad4efd-5fc2-457f-a2c3-4a260eb6078c,ggml.c:3503-3505,28bf04f5-28bb-41c1-920a-33de3c8bc360,gpt-4-o-bc360,Quality,gemini-v25-pro,-0.5,5d45ab71-6ae3-454f-b2c8-215fd636ce42,llm_score,-0.5,1
114ba2fa-8bae-4e19-8f46-3fbef23b4a98,BitNet,a4a1d71a-7ffd-4aff-9763-9966bebc7fe9,ggml.c:3645-3665,13e3bb92-fe50-463e-9fc2-fc1082f56f09,gpt-4-o-56f09,Performance,gpt-41,0.0,acd8e185-a9d2-4cb7-a219-71158c0f122a,llm_score,0.0,1
114ba2fa-8bae-4e19-8f46-3fbef23b4a98,BitNet,a4a1d71a-7ffd-4aff-9763-9966bebc7fe9,ggml.c:3645-3665,13e3bb92-fe50-463e-9fc2-fc1082f56f09,gpt-4-o-56f09,Performance,claude-v37-sonnet,0.20000000000000018,acd8e185-a9d2-4cb7-a219-71158c0f122a,llm_score,0.20000000000000018,1
114ba2fa-8bae-4e19-8f46-3fbef23b4a98,BitNet,a4a1d71a-7ffd-4aff-9763-9966bebc7fe9,ggml.c:3645-3665,13e3bb92-fe50-463e-9fc2-fc1082f56f09,gpt-4-o-56f09,Performance,gemini-v25-pro,0.0,acd8e185-a9d2-4cb7-a219-71158c0f122a,llm_score,0.0,1
114ba2fa-8bae-4e19-8f46-3fbef23b4a98,BitNet,a4a1d71a-7ffd-4aff-9763-9966bebc7fe9,ggml.c:3645-3665,13e3bb92-fe50-463e-9fc2-fc1082f56f09,gpt-4-o-56f09,Quality,claude-v37-sonnet,1.5,5d45ab71-6ae3-454f-b2c8-215fd636ce42,llm_score,1.5,1
114ba2fa-8bae-4e19-8f46-3fbef23b4a98,BitNet,a4a1d71a-7ffd-4aff-9763-9966bebc7fe9,ggml.c:3645-3665,13e3bb92-fe50-463e-9fc2-fc1082f56f09,gpt-4-o-56f09,Quality,gpt-41,2.0,5d45ab71-6ae3-454f-b2c8-215fd636ce42,llm_score,2.0,1
114ba2fa-8bae-4e19-8f46-3fbef23b4a98,BitNet,a4a1d71a-7ffd-4aff-9763-9966bebc7fe9,ggml.c:3645-3665,13e3bb92-fe50-463e-9fc2-fc1082f56f09,gpt-4-o-56f09,Quality,gemini-v25-pro,2.0,5d45ab71-6ae3-454f-b2c8-215fd636ce42,llm_score,2.0,1
114ba2fa-8bae-4e19-8f46-3fbef23b4a98,BitNet,a4a1d71a-7ffd-4aff-9763-9966bebc7fe9,ggml.c:3645-3665,bf083847-1c4f-4270-a27e-edd64d54ff59,gpt-4-o-4ff59,Performance,gpt-41,0.0,acd8e185-a9d2-4cb7-a219-71158c0f122a,llm_score,0.0,1
114ba2fa-8bae-4e19-8f46-3fbef23b4a98,BitNet,a4a1d71a-7ffd-4aff-9763-9966bebc7fe9,ggml.c:3645-3665,bf083847-1c4f-4270-a27e-edd64d54ff59,gpt-4-o-4ff59,Performance,claude-v37-sonnet,0.20000000000000018,acd8e185-a9d2-4cb7-a219-71158c0f122a,llm_score,0.20000000000000018,1
114ba2fa-8bae-4e19-8f46-3fbef23b4a98,BitNet,a4a1d71a-7ffd-4aff-9763-9966bebc7fe9,ggml.c:3645-3665,bf083847-1c4f-4270-a27e-edd64d54ff59,gpt-4-o-4ff59,Performance,gemini-v25-pro,1.0,acd8e185-a9d2-4cb7-a219-71158c0f122a,llm_score,1.0,1
114ba2fa-8bae-4e19-8f46-3fbef23b4a98,BitNet,a4a1d71a-7ffd-4aff-9763-9966bebc7fe9,ggml.c:3645-3665,bf083847-1c4f-4270-a27e-edd64d54ff59,gpt-4-o-4ff59,Quality,gpt-41,2.0,5d45ab71-6ae3-454f-b2c8-215fd636ce42,llm_score,2.0,1
114ba2fa-8bae-4e19-8f46-3fbef23b4a98,BitNet,a4a1d71a-7ffd-4aff-9763-9966bebc7fe9,ggml.c:3645-3665,bf083847-1c4f-4270-a27e-edd64d54ff59,gpt-4-o-4ff59,Quality,claude-v37-sonnet,1.5,5d45ab71-6ae3-454f-b2c8-215fd636ce42,llm_score,1.5,1
114ba2fa-8bae-4e19-8f46-3fbef23b4a98,BitNet,a4a1d71a-7ffd-4aff-9763-9966bebc7fe9,ggml.c:3645-3665,bf083847-1c4f-4270-a27e-edd64d54ff59,gpt-4-o-4ff59,Quality,gemini-v25-pro,2.0,5d45ab71-6ae3-454f-b2c8-215fd636ce42,llm_score,2.0,1
114ba2fa-8bae-4e19-8f46-3fbef23b4a98,BitNet,a4a1d71a-7ffd-4aff-9763-9966bebc7fe9,ggml.c:3645-3665,a037acef-d4a2-4b6c-8abc-1518d5b3dbcc,gpt-4-o-3dbcc,Performance,gpt-41,0.0,acd8e185-a9d2-4cb7-a219-71158c0f122a,llm_score,0.0,1
114ba2fa-8bae-4e19-8f46-3fbef23b4a98,BitNet,a4a1d71a-7ffd-4aff-9763-9966bebc7fe9,ggml.c:3645-3665,a037acef-d4a2-4b6c-8abc-1518d5b3dbcc,gpt-4-o-3dbcc,Performance,claude-v37-sonnet,0.7999999999999998,acd8e185-a9d2-4cb7-a219-71158c0f122a,llm_score,0.7999999999999998,1
114ba2fa-8bae-4e19-8f46-3fbef23b4a98,BitNet,a4a1d71a-7ffd-4aff-9763-9966bebc7fe9,ggml.c:3645-3665,a037acef-d4a2-4b6c-8abc-1518d5b3dbcc,gpt-4-o-3dbcc,Performance,gemini-v25-pro,0.0,acd8e185-a9d2-4cb7-a219-71158c0f122a,llm_score,0.0,1
114ba2fa-8bae-4e19-8f46-3fbef23b4a98,BitNet,a4a1d71a-7ffd-4aff-9763-9966bebc7fe9,ggml.c:3645-3665,a037acef-d4a2-4b6c-8abc-1518d5b3dbcc,gpt-4-o-3dbcc,Quality,gpt-41,2.0,5d45ab71-6ae3-454f-b2c8-215fd636ce42,llm_score,2.0,1
114ba2fa-8bae-4e19-8f46-3fbef23b4a98,BitNet,a4a1d71a-7ffd-4aff-9763-9966bebc7fe9,ggml.c:3645-3665,a037acef-d4a2-4b6c-8abc-1518d5b3dbcc,gpt-4-o-3dbcc,Quality,claude-v37-sonnet,1.2000000000000002,5d45ab71-6ae3-454f-b2c8-215fd636ce42,llm_score,1.2000000000000002,1
114ba2fa-8bae-4e19-8f46-3fbef23b4a98,BitNet,a4a1d71a-7ffd-4aff-9763-9966bebc7fe9,ggml.c:3645-3665,a037acef-d4a2-4b6c-8abc-1518d5b3dbcc,gpt-4-o-3dbcc,Quality,gemini-v25-pro,2.0,5d45ab71-6ae3-454f-b2c8-215fd636ce42,llm_score,2.0,1
114ba2fa-8bae-4e19-8f46-3fbef23b4a98,BitNet,a4a1d71a-7ffd-4aff-9763-9966bebc7fe9,ggml.c:3645-3665,28d3678c-707e-48b1-a6cd-ba8679e611a5,gpt-4-o-611a5,Performance,gpt-41,0.0,acd8e185-a9d2-4cb7-a219-71158c0f122a,llm_score,0.0,1
114ba2fa-8bae-4e19-8f46-3fbef23b4a98,BitNet,a4a1d71a-7ffd-4aff-9763-9966bebc7fe9,ggml.c:3645-3665,28d3678c-707e-48b1-a6cd-ba8679e611a5,gpt-4-o-611a5,Performance,claude-v37-sonnet,0.10000000000000009,acd8e185-a9d2-4cb7-a219-71158c0f122a,llm_score,0.10000000000000009,1
114ba2fa-8bae-4e19-8f46-3fbef23b4a98,BitNet,a4a1d71a-7ffd-4aff-9763-9966bebc7fe9,ggml.c:3645-3665,28d3678c-707e-48b1-a6cd-ba8679e611a5,gpt-4-o-611a5,Performance,gemini-v25-pro,1.0,acd8e185-a9d2-4cb7-a219-71158c0f122a,llm_score,1.0,1
114ba2fa-8bae-4e19-8f46-3fbef23b4a98,BitNet,a4a1d71a-7ffd-4aff-9763-9966bebc7fe9,ggml.c:3645-3665,28d3678c-707e-48b1-a6cd-ba8679e611a5,gpt-4-o-611a5,Quality,gpt-41,2.0,5d45ab71-6ae3-454f-b2c8-215fd636ce42,llm_score,2.0,1
114ba2fa-8bae-4e19-8f46-3fbef23b4a98,BitNet,a4a1d71a-7ffd-4aff-9763-9966bebc7fe9,ggml.c:3645-3665,28d3678c-707e-48b1-a6cd-ba8679e611a5,gpt-4-o-611a5,Quality,claude-v37-sonnet,1.5,5d45ab71-6ae3-454f-b2c8-215fd636ce42,llm_score,1.5,1
114ba2fa-8bae-4e19-8f46-3fbef23b4a98,BitNet,a4a1d71a-7ffd-4aff-9763-9966bebc7fe9,ggml.c:3645-3665,28d3678c-707e-48b1-a6cd-ba8679e611a5,gpt-4-o-611a5,Quality,gemini-v25-pro,2.0,5d45ab71-6ae3-454f-b2c8-215fd636ce42,llm_score,2.0,1
